interface_id,version,state,owner_task,authority_content_hash,contract_paths,compatibility_role,exact_import_obligation
CS-FOUND-I1,1,frozen,CS-FOUND-03,7ecf116c9568d646b180e28a59ddf1ab9adbd10017a29b2a26a12255842adb30,"include/CellShard/identity.hh;include/CellShard/identity/strong_id.hh;include/CellShard/identity/digest.hh","strong IDs digests array views and status vocabulary","retain typed IDs and digest algorithms unchanged; successor identities are adjacent namespace-qualified IDs and never reinterpret legacy numeric values"
CS-FOUND-I2A,1,frozen,CS-FOUND-04,217a095db360a5ff8ac6fbc9edc9e20acbf2833463c7c988be124c6ef4efe4f3,"include/CellShard/domain.hh;include/CellShard/domain/descriptor.hh;include/CellShard/domain/partition.hh","domain generation map order partition and selection descriptors","validate domain/map/partition generations and bounds first; import exact canonical coverage and recovery explicitly; shape ordinal or offset is never identity"
CS-FOUND-I2B,1,frozen,CS-FOUND-05,7c86e72818699a566787ed1561d97f8448ce199974b827a81712f4ff5777696a,include/CellShard/artifact/image.hh,"projection target reuse digest domain dependency route and image view contract","import as a physical-view candidate with all bindings dependencies routes alignment sizes and digest preserved; an image is not an atom or certified contribution"
CS-FOUND-I2C,1,frozen,CS-FOUND-06,840ba657df09cfac3a186d23f088da5bfa99a1df5bbcf66c11cf6dae8052330c,"include/CellShard/artifact/extent.hh;include/CellShard/runtime/source/payload_source.hh","storage object extent operational source location and exact-range source boundary","validate object/extent bounds alignment digest provider capability and destination capacity; keep source location operational and separate from immutable identity"
CS-FOUND-I3A,1,frozen,CS-FOUND-07,b09fd2ca65112edfea3739199be618a0b2b547550733b0d01ce771ba658b0914,"include/CellShard/artifact/catalog.hh;include/CellShard/artifact/snapshot.hh","artifact/source catalogs and closed snapshot validation","revalidate unique IDs generations bindings image extents dependency acyclicity routes and source reachability; import into adjacent atom-store catalogs without widening legacy snapshot identity"
CS-FOUND-I3B,1,frozen,CS-FOUND-08,32c45f1dc09643d711f04e7e9f086cda22f25a67b986c8e34e4bad3d97bd229a,include/CellShard/io/pack/image_envelope.hh,"portable deterministic CPEXEC02 image-envelope codec","decode and validate schema endian counts bounds checksum identity and payload digest before mapping metadata; preserve the envelope and payload bytes exactly"
CS-FOUND-I4,2,frozen,CS-FOUND-09,32c45f1dc09643d711f04e7e9f086cda22f25a67b986c8e34e4bad3d97bd229a,include/CellShard/io/pack/image_envelope.hh,"atomic CPEXEC02 publication and metadata-only inspection inside CSPACK01","preserve CSPACK01 magic/table and CPEXEC02 bytes; import inspection metadata plus payload extent without loading payload; reject stale shard offset truncation checksum or identity"
CS-FOUND-I5A,1,frozen,CS-FOUND-10,3d5c4533eeb14b93bddc85067338cea5745790c81bff06407489411f902df82e,"include/CellShard/runtime/source/local_file_source.hh;include/CellShard/runtime/residency/host.hh","pread-backed local source and one-allocation move-only host residency","read the exact validated extent into caller/default aligned storage and verify digest; provider path descriptor and allocation remain operational state"
CS-FOUND-I5B,1,frozen,CS-FOUND-11,e5a76d38652886e16a8b7b06c3068c0fac5b1736b2216465d7e82d1386210b24,include/CellShard/runtime/residency/device.cuh,"caller-allocator move-only device residency and caller-stream asynchronous staging","use caller device allocator and stream with explicit device guard and one asynchronous copy; preserve digest/bytes/image and never encode device or pointer in portable identity"
